country_id,latitude,longitude,brightness,scan,track,acq_date,acq_time,satellite,instrument,confidence,version,bright_t31,frp,daynight
USA,19.39821,-155.29439,341.38,1.58,1.24,2025-01-09,54,Aqua,MODIS,91,6.1NRT,318.0,60.9,D
USA,19.40006,-155.27957,339.87,1.58,1.24,2025-01-09,54,Aqua,MODIS,64,6.1NRT,318.24,59.94,D
USA,19.40148,-155.28554,352.38,1.58,1.24,2025-01-09,54,Aqua,MODIS,96,6.1NRT,323.84,111.01,D
USA,34.04495,-118.53627,327.09,1.28,1.12,2025-01-09,520,Terra,MODIS,68,6.1NRT,289.68,34.15,N
USA,34.06742,-118.61735,336.14,1.27,1.12,2025-01-09,520,Terra,MODIS,100,6.1NRT,284.44,54.94,N
USA,34.06892,-118.60365,339.0,1.27,1.12,2025-01-09,520,Terra,MODIS,100,6.1NRT,285.8,61.67,N
USA,34.07003,-118.68489,315.78,1.26,1.11,2025-01-09,520,Terra,MODIS,64,6.1NRT,282.66,21.03,N
USA,34.07139,-118.67247,345.43,1.26,1.11,2025-01-09,520,Terra,MODIS,100,6.1NRT,287.03,75.7,N
USA,34.07343,-118.56203,339.8,1.28,1.12,2025-01-09,520,Terra,MODIS,100,6.1NRT,287.65,61.92,N
USA,34.07721,-118.6194,334.89,1.27,1.12,2025-01-09,520,Terra,MODIS,100,6.1NRT,283.39,52.65,N
USA,34.07779,-118.52175,322.5,1.28,1.12,2025-01-09,520,Terra,MODIS,100,6.1NRT,286.95,29.2,N
USA,34.07881,-118.60478,323.53,1.27,1.12,2025-01-09,520,Terra,MODIS,100,6.1NRT,284.73,32.53,N
USA,34.07929,-118.50784,309.53,1.28,1.12,2025-01-09,520,Terra,MODIS,78,6.1NRT,285.61,15.15,N
USA,34.08033,-118.59084,357.1,1.27,1.12,2025-01-09,520,Terra,MODIS,100,6.1NRT,290.36,114.19,N
USA,34.08122,-118.67377,306.79,1.26,1.11,2025-01-09,520,Terra,MODIS,33,6.1NRT,282.87,12.55,N
USA,34.08179,-118.57743,382.96,1.27,1.12,2025-01-09,520,Terra,MODIS,100,6.1NRT,295.91,237.39,N
USA,34.08327,-118.56387,344.42,1.28,1.12,2025-01-09,520,Terra,MODIS,100,6.1NRT,290.11,73.96,N
USA,34.08613,-118.53756,361.92,1.28,1.12,2025-01-09,520,Terra,MODIS,100,6.1NRT,296.27,131.77,N
USA,34.08767,-118.52337,351.68,1.28,1.12,2025-01-09,520,Terra,MODIS,100,6.1NRT,294.58,95.79,N
USA,34.09015,-118.59266,330.88,1.27,1.12,2025-01-09,520,Terra,MODIS,100,6.1NRT,283.47,45.13,N
USA,34.09162,-118.57928,314.75,1.27,1.12,2025-01-09,520,Terra,MODIS,71,6.1NRT,283.14,19.93,N
USA,34.09309,-118.5659,315.17,1.28,1.12,2025-01-09,520,Terra,MODIS,72,6.1NRT,285.18,20.24,N
USA,34.09447,-118.5532,358.06,1.28,1.12,2025-01-09,520,Terra,MODIS,100,6.1NRT,290.52,117.4,N
USA,34.09599,-118.5393,406.37,1.28,1.12,2025-01-09,520,Terra,MODIS,100,6.1NRT,298.34,422.11,N
USA,34.09753,-118.52528,383.72,1.28,1.12,2025-01-09,520,Terra,MODIS,100,6.1NRT,290.96,244.73,N
USA,34.18195,-118.027,301.14,1.37,1.16,2025-01-09,520,Terra,MODIS,38,6.1NRT,282.73,10.81,N
USA,34.18963,-118.13521,317.82,1.35,1.15,2025-01-09,520,Terra,MODIS,47,6.1NRT,286.74,26.01,N
USA,34.21679,-118.07224,304.98,1.36,1.16,2025-01-09,520,Terra,MODIS,13,6.1NRT,279.48,13.35,N
USA,34.21839,-118.1555,303.83,1.35,1.15,2025-01-09,520,Terra,MODIS,43,6.1NRT,281.84,12.94,N
USA,40.49093,-123.7383,315.37,1.0,1.0,2025-01-09,522,Terra,MODIS,91,6.1NRT,281.1,17.09,N
USA,25.99456,-81.0667,303.53,1.0,1.0,2025-01-09,807,Aqua,MODIS,56,6.1NRT,280.59,9.07,N
USA,34.0744,-118.66127,308.52,2.82,1.6,2025-01-09,1121,Aqua,MODIS,75,6.1NRT,284.32,51.99,N
USA,34.08121,-118.56149,323.55,2.86,1.61,2025-01-09,1121,Aqua,MODIS,100,6.1NRT,286.65,104.45,N
USA,34.08588,-118.55616,317.82,2.86,1.61,2025-01-09,1121,Aqua,MODIS,96,6.1NRT,285.91,82.27,N
USA,34.08776,-118.59034,324.98,2.84,1.61,2025-01-09,1121,Aqua,MODIS,100,6.1NRT,284.34,111.39,N
USA,34.08843,-118.52795,317.21,2.87,1.62,2025-01-09,1121,Aqua,MODIS,95,6.1NRT,286.32,80.01,N
USA,34.09245,-118.58432,320.2,2.84,1.61,2025-01-09,1121,Aqua,MODIS,100,6.1NRT,284.11,93.28,N
USA,34.09276,-118.522,358.88,2.87,1.62,2025-01-09,1121,Aqua,MODIS,100,6.1NRT,290.01,400.68,N
USA,34.09543,-118.55893,304.37,2.86,1.61,2025-01-09,1121,Aqua,MODIS,27,6.1NRT,283.76,35.44,N
USA,34.09566,-118.49423,308.41,2.88,1.62,2025-01-09,1121,Aqua,MODIS,74,6.1NRT,283.69,51.38,N
USA,34.10005,-118.55336,318.56,2.86,1.61,2025-01-09,1121,Aqua,MODIS,97,6.1NRT,284.72,87.73,N
USA,34.10242,-118.52427,355.01,2.87,1.62,2025-01-09,1121,Aqua,MODIS,100,6.1NRT,288.22,354.85,N
USA,27.70435,-81.24603,307.57,2.32,1.47,2025-01-09,1543,Terra,MODIS,66,6.1NRT,284.52,34.05,D
USA,28.63466,-81.71462,312.53,2.05,1.39,2025-01-09,1543,Terra,MODIS,63,6.1NRT,283.25,39.36,D
USA,29.56829,-81.78704,300.08,1.93,1.36,2025-01-09,1543,Terra,MODIS,26,6.1NRT,279.11,19.26,D
USA,29.74046,-82.56928,303.94,1.7,1.28,2025-01-09,1543,Terra,MODIS,58,6.1NRT,280.95,18.32,D
USA,29.84561,-83.01935,309.88,1.58,1.24,2025-01-09,1543,Terra,MODIS,69,6.1NRT,279.28,25.95,D
USA,29.84756,-83.01267,314.37,1.58,1.24,2025-01-09,1543,Terra,MODIS,75,6.1NRT,279.87,31.03,D
USA,30.05295,-83.19946,304.75,1.53,1.22,2025-01-09,1543,Terra,MODIS,60,6.1NRT,280.27,17.13,D
USA,30.0801,-83.59333,307.91,1.44,1.19,2025-01-09,1543,Terra,MODIS,66,6.1NRT,280.64,18.54,D
USA,30.31214,-86.05703,301.39,1.08,1.04,2025-01-09,1543,Terra,MODIS,44,6.1NRT,279.31,8.94,D
USA,30.33961,-83.60293,312.7,1.42,1.18,2025-01-09,1543,Terra,MODIS,73,6.1NRT,280.17,25.07,D
USA,30.37862,-84.34702,308.44,1.29,1.13,2025-01-09,1543,Terra,MODIS,63,6.1NRT,278.29,16.44,D
USA,30.41029,-84.35326,317.52,1.29,1.13,2025-01-09,1543,Terra,MODIS,73,6.1NRT,280.77,26.68,D
USA,30.53238,-86.09968,313.78,1.07,1.03,2025-01-09,1543,Terra,MODIS,74,6.1NRT,279.96,17.58,D
USA,31.12753,-87.13809,310.06,1.01,1.0,2025-01-09,1543,Terra,MODIS,69,6.1NRT,276.63,14.12,D
USA,31.3077,-84.1659,303.48,1.27,1.12,2025-01-09,1543,Terra,MODIS,56,6.1NRT,277.68,12.72,D
USA,31.30992,-84.17877,304.87,1.27,1.12,2025-01-09,1543,Terra,MODIS,60,6.1NRT,277.68,13.81,D
USA,31.91327,-81.79398,308.73,1.72,1.29,2025-01-09,1543,Terra,MODIS,68,6.1NRT,276.91,28.74,D
USA,33.0318,-83.43977,307.17,1.3,1.13,2025-01-09,1543,Terra,MODIS,65,6.1NRT,276.29,17.55,D
USA,33.69557,-82.74561,300.73,1.39,1.17,2025-01-09,1543,Terra,MODIS,41,6.1NRT,274.99,13.69,D
USA,25.48416,-80.55851,325.8,2.93,1.63,2025-01-09,1545,Terra,MODIS,79,6.1NRT,288.84,110.19,D
USA,25.48681,-80.55106,324.36,2.93,1.63,2025-01-09,1545,Terra,MODIS,77,6.1NRT,288.51,108.69,D
USA,25.49249,-80.57865,313.26,2.91,1.63,2025-01-09,1545,Terra,MODIS,57,6.1NRT,287.85,60.27,D
USA,26.68601,-80.70268,306.19,2.68,1.57,2025-01-09,1545,Terra,MODIS,43,6.1NRT,286.89,29.51,D
USA,26.69327,-80.70617,312.48,2.68,1.57,2025-01-09,1545,Terra,MODIS,63,6.1NRT,287.59,51.68,D
USA,26.72635,-81.34225,322.09,2.41,1.5,2025-01-09,1545,Terra,MODIS,81,6.1NRT,288.14,73.27,D
USA,26.73602,-81.33335,319.42,2.41,1.5,2025-01-09,1545,Terra,MODIS,79,6.1NRT,288.05,59.47,D
USA,26.87504,-81.83201,331.6,2.2,1.44,2025-01-09,1545,Terra,MODIS,87,6.1NRT,288.51,102.32,D
USA,26.87916,-81.85313,343.93,2.19,1.44,2025-01-09,1545,Terra,MODIS,93,6.1NRT,289.21,162.73,D
USA,32.5937,-116.35831,303.28,1.39,1.17,2025-01-09,1721,Terra,MODIS,55,6.1NRT,286.48,9.82,D
USA,34.06307,-118.68077,318.08,2.03,1.39,2025-01-09,1721,Terra,MODIS,72,6.1NRT,294.57,38.74,D
USA,34.06631,-118.67251,327.24,2.03,1.39,2025-01-09,1721,Terra,MODIS,85,6.1NRT,295.93,63.71,D
USA,34.06945,-118.61375,325.73,2.01,1.38,2025-01-09,1721,Terra,MODIS,84,6.1NRT,294.43,58.67,D
USA,34.07323,-118.60709,324.8,2.01,1.38,2025-01-09,1721,Terra,MODIS,83,6.1NRT,292.81,55.07,D
USA,34.07806,-118.57262,332.13,2.0,1.38,2025-01-09,1721,Terra,MODIS,88,6.1NRT,293.62,77.09,D
USA,34.07997,-118.59358,337.57,2.0,1.38,2025-01-09,1721,Terra,MODIS,91,6.1NRT,292.29,100.63,D
USA,34.082,-118.56521,341.14,2.0,1.38,2025-01-09,1721,Terra,MODIS,92,6.1NRT,294.33,112.95,D
USA,34.08378,-118.58615,365.75,2.0,1.38,2025-01-09,1721,Terra,MODIS,100,6.1NRT,297.53,273.08,D
USA,34.08871,-118.50024,310.78,1.98,1.37,2025-01-09,1721,Terra,MODIS,50,6.1NRT,292.22,22.08,D
USA,34.0905,-118.52099,361.5,1.98,1.37,2025-01-09,1721,Terra,MODIS,100,6.1NRT,300.18,239.16,D
USA,34.09222,-118.54095,399.42,1.99,1.38,2025-01-09,1721,Terra,MODIS,100,6.1NRT,305.59,674.68,D
USA,34.09406,-118.56226,382.44,2.0,1.38,2025-01-09,1721,Terra,MODIS,100,6.1NRT,297.15,438.74,D
USA,34.10258,-118.51885,363.22,1.98,1.37,2025-01-09,1721,Terra,MODIS,100,6.1NRT,299.83,253.16,D
USA,34.10434,-118.53909,391.41,1.99,1.38,2025-01-09,1721,Terra,MODIS,100,6.1NRT,307.09,557.25,D
USA,34.20885,-118.07253,413.51,1.86,1.33,2025-01-09,1721,Terra,MODIS,100,6.1NRT,299.67,834.22,D
USA,34.21069,-118.09347,386.45,1.87,1.34,2025-01-09,1721,Terra,MODIS,94,6.1NRT,292.85,433.5,D
USA,34.21191,-118.05762,351.2,1.86,1.33,2025-01-09,1721,Terra,MODIS,93,6.1NRT,294.16,140.75,D
USA,34.21245,-118.11355,368.1,1.87,1.34,2025-01-09,1721,Terra,MODIS,94,6.1NRT,286.29,266.19,D
USA,34.21399,-118.07937,425.16,1.86,1.33,2025-01-09,1721,Terra,MODIS,100,6.1NRT,309.66,1069.51,D
USA,34.2158,-118.09854,417.23,1.87,1.34,2025-01-09,1721,Terra,MODIS,100,6.1NRT,303.37,909.25,D
USA,34.21635,-118.15831,305.5,1.89,1.34,2025-01-09,1721,Terra,MODIS,28,6.1NRT,284.52,15.25,D
USA,34.21777,-118.11939,369.25,1.87,1.34,2025-01-09,1721,Terra,MODIS,100,6.1NRT,288.63,275.9,D
USA,34.22039,-118.0684,419.73,1.86,1.33,2025-01-09,1721,Terra,MODIS,100,6.1NRT,304.21,964.6,D
USA,34.22397,-118.10873,423.56,1.87,1.34,2025-01-09,1721,Terra,MODIS,100,6.1NRT,301.47,1061.93,D
USA,34.23202,-118.06522,346.99,1.86,1.33,2025-01-09,1721,Terra,MODIS,95,6.1NRT,288.49,131.02,D
USA,34.23383,-118.08553,411.83,1.87,1.34,2025-01-09,1721,Terra,MODIS,100,6.1NRT,299.5,821.03,D
USA,42.87638,-124.40611,301.84,2.38,1.49,2025-01-09,1857,Terra,MODIS,49,6.1NRT,287.21,20.29,D
USA,41.01759,-123.95339,307.72,2.86,1.61,2025-01-09,1900,Terra,MODIS,66,6.1NRT,286.14,45.24,D
USA,25.98321,-81.06517,311.84,2.71,1.58,2025-01-09,1902,Aqua,MODIS,72,6.1NRT,288.46,44.72,D
USA,25.98865,-81.03944,301.5,2.7,1.57,2025-01-09,1902,Aqua,MODIS,15,6.1NRT,289.86,16.12,D
USA,25.99157,-81.06262,332.33,2.71,1.58,2025-01-09,1902,Aqua,MODIS,85,6.1NRT,291.12,131.05,D
USA,25.99683,-81.06868,342.47,2.71,1.58,2025-01-09,1902,Aqua,MODIS,93,6.1NRT,292.69,199.33,D
USA,26.00224,-81.04294,333.98,2.7,1.57,2025-01-09,1902,Aqua,MODIS,89,6.1NRT,291.43,140.15,D
USA,26.00518,-81.06618,357.95,2.71,1.58,2025-01-09,1902,Aqua,MODIS,99,6.1NRT,293.88,340.67,D
USA,26.01041,-81.04037,315.95,2.7,1.57,2025-01-09,1902,Aqua,MODIS,50,6.1NRT,290.74,53.31,D
USA,26.01045,-81.07221,339.63,2.71,1.58,2025-01-09,1902,Aqua,MODIS,92,6.1NRT,292.51,179.16,D
USA,26.28831,-80.9487,307.79,2.62,1.55,2025-01-09,1902,Aqua,MODIS,66,6.1NRT,290.13,33.18,D
USA,26.28944,-80.9686,305.2,2.63,1.56,2025-01-09,1902,Aqua,MODIS,61,6.1NRT,290.87,27.05,D
USA,26.29453,-80.94354,303.46,2.62,1.55,2025-01-09,1902,Aqua,MODIS,56,6.1NRT,290.51,22.51,D
USA,26.35729,-80.88815,306.68,2.58,1.54,2025-01-09,1902,Aqua,MODIS,21,6.1NRT,288.59,25.5,D
USA,26.36235,-80.86353,357.33,2.57,1.54,2025-01-09,1902,Aqua,MODIS,99,6.1NRT,290.51,313.65,D
USA,26.37566,-80.86699,323.86,2.57,1.54,2025-01-09,1902,Aqua,MODIS,83,6.1NRT,289.11,87.39,D
USA,26.46576,-80.54305,354.62,2.43,1.5,2025-01-09,1902,Aqua,MODIS,98,6.1NRT,297.7,257.63,D
USA,26.46953,-80.53912,359.41,2.43,1.5,2025-01-09,1902,Aqua,MODIS,99,6.1NRT,296.43,301.11,D
USA,26.47056,-80.5199,331.94,2.42,1.5,2025-01-09,1902,Aqua,MODIS,88,6.1NRT,294.35,107.35,D
USA,26.47416,-80.51592,308.98,2.42,1.5,2025-01-09,1902,Aqua,MODIS,68,6.1NRT,293.93,24.78,D
USA,26.50755,-80.88029,323.84,2.56,1.54,2025-01-09,1902,Aqua,MODIS,83,6.1NRT,292.17,78.3,D
USA,26.51552,-80.88919,347.51,2.56,1.54,2025-01-09,1902,Aqua,MODIS,95,6.1NRT,294.52,222.27,D
USA,26.5206,-80.86474,320.95,2.55,1.54,2025-01-09,1902,Aqua,MODIS,81,6.1NRT,291.4,69.14,D
USA,26.68029,-80.48393,307.77,2.38,1.49,2025-01-09,1902,Aqua,MODIS,45,6.1NRT,294.33,23.22,D
USA,26.68201,-80.46535,311.51,2.37,1.49,2025-01-09,1902,Aqua,MODIS,71,6.1NRT,291.65,35.06,D
USA,26.6848,-80.46114,310.48,2.37,1.49,2025-01-09,1902,Aqua,MODIS,68,6.1NRT,291.68,29.98,D
USA,26.73019,-81.33533,310.92,2.73,1.58,2025-01-09,1902,Aqua,MODIS,44,6.1NRT,292.7,39.55,D
USA,27.1133,-81.66476,302.01,2.82,1.6,2025-01-09,1902,Aqua,MODIS,50,6.1NRT,290.26,19.7,D
USA,27.31685,-82.0898,303.39,2.99,1.64,2025-01-09,1902,Aqua,MODIS,56,6.1NRT,291.52,22.44,D
USA,27.36535,-82.07289,304.54,2.97,1.64,2025-01-09,1902,Aqua,MODIS,59,6.1NRT,290.45,26.36,D
USA,27.3678,-82.08083,300.89,2.97,1.64,2025-01-09,1902,Aqua,MODIS,43,6.1NRT,290.77,17.27,D
USA,27.54482,-81.38976,301.7,2.63,1.56,2025-01-09,1902,Aqua,MODIS,49,6.1NRT,288.58,20.01,D
USA,27.71615,-81.2627,324.65,2.55,1.54,2025-01-09,1902,Aqua,MODIS,83,6.1NRT,289.35,90.43,D
USA,27.72132,-81.25726,327.66,2.55,1.54,2025-01-09,1902,Aqua,MODIS,85,6.1NRT,290.04,104.59,D
USA,27.72134,-81.23819,303.92,2.54,1.53,2025-01-09,1902,Aqua,MODIS,57,6.1NRT,288.43,23.83,D
USA,27.78232,-82.09863,313.89,2.91,1.63,2025-01-09,1902,Aqua,MODIS,56,6.1NRT,289.3,62.81,D
USA,28.24891,-82.6029,306.43,3.08,1.67,2025-01-09,1904,Aqua,MODIS,63,6.1NRT,285.98,44.1,D
USA,29.25315,-82.93222,310.37,3.06,1.66,2025-01-09,1904,Aqua,MODIS,37,6.1NRT,284.33,62.31,D
USA,29.55555,-81.60281,329.58,2.44,1.51,2025-01-09,1904,Aqua,MODIS,82,6.1NRT,284.28,112.65,D
USA,29.55937,-82.66293,310.86,2.88,1.62,2025-01-09,1904,Aqua,MODIS,44,6.1NRT,286.77,54.23,D
USA,29.56055,-81.57902,313.65,2.43,1.5,2025-01-09,1904,Aqua,MODIS,59,6.1NRT,283.17,52.85,D
USA,29.56232,-82.66834,307.37,2.88,1.62,2025-01-09,1904,Aqua,MODIS,65,6.1NRT,287.92,42.63,D
USA,29.56858,-82.64021,311.29,2.87,1.62,2025-01-09,1904,Aqua,MODIS,71,6.1NRT,286.25,54.52,D
USA,29.80409,-81.81741,313.72,2.49,1.52,2025-01-09,1904,Aqua,MODIS,70,6.1NRT,283.21,56.64,D
USA,29.93755,-84.46991,300.25,3.75,1.81,2025-01-09,1904,Aqua,MODIS,0,6.1NRT,283.49,45.37,D
USA,30.63936,-85.11804,303.77,3.97,1.85,2025-01-09,1904,Aqua,MODIS,57,6.1NRT,283.46,57.19,D
USA,30.64873,-85.07892,308.81,3.95,1.85,2025-01-09,1904,Aqua,MODIS,68,6.1NRT,283.38,79.5,D
USA,30.65351,-86.28381,319.39,4.75,1.99,2025-01-09,1904,Aqua,MODIS,79,6.1NRT,283.3,190.06,D
USA,30.6543,-86.29206,317.14,4.75,1.99,2025-01-09,1904,Aqua,MODIS,77,6.1NRT,283.24,161.04,D
USA,31.14083,-83.5599,305.71,3.03,1.66,2025-01-09,1904,Aqua,MODIS,62,6.1NRT,283.09,45.74,D
USA,31.15095,-81.63992,302.04,2.24,1.45,2025-01-09,1904,Aqua,MODIS,50,6.1NRT,282.5,24.04,D
USA,31.61763,-82.47056,303.34,2.49,1.52,2025-01-09,1904,Aqua,MODIS,56,6.1NRT,283.34,29.57,D
USA,31.7825,-83.77434,306.68,3.02,1.65,2025-01-09,1904,Aqua,MODIS,64,6.1NRT,280.78,50.22,D
USA,31.8546,-83.74026,305.66,2.99,1.64,2025-01-09,1904,Aqua,MODIS,62,6.1NRT,282.87,44.31,D
USA,31.86653,-83.73662,304.03,2.99,1.64,2025-01-09,1904,Aqua,MODIS,58,6.1NRT,282.43,39.14,D
USA,31.9022,-85.79547,307.63,4.08,1.87,2025-01-09,1904,Aqua,MODIS,66,6.1NRT,281.31,85.56,D
USA,31.90824,-85.80507,301.9,4.08,1.87,2025-01-09,1904,Aqua,MODIS,50,6.1NRT,280.73,54.75,D
USA,31.92013,-82.3691,303.17,2.41,1.5,2025-01-09,1904,Aqua,MODIS,55,6.1NRT,283.41,28.91,D
USA,32.02519,-82.51157,304.07,2.45,1.51,2025-01-09,1904,Aqua,MODIS,58,6.1NRT,284.03,29.73,D
USA,32.0304,-82.48707,307.32,2.44,1.51,2025-01-09,1904,Aqua,MODIS,65,6.1NRT,283.64,36.38,D
USA,32.27224,-84.29886,302.85,3.18,1.69,2025-01-09,1904,Aqua,MODIS,54,6.1NRT,281.7,43.18,D
USA,32.27954,-84.27442,301.86,3.16,1.68,2025-01-09,1904,Aqua,MODIS,49,6.1NRT,281.53,37.38,D
USA,32.41851,-82.47768,302.8,2.38,1.49,2025-01-09,1904,Aqua,MODIS,54,6.1NRT,281.7,27.66,D
USA,32.44456,-81.91099,313.08,2.18,1.43,2025-01-09,1904,Aqua,MODIS,73,6.1NRT,283.14,45.29,D
USA,32.4456,-81.9184,311.06,2.18,1.43,2025-01-09,1904,Aqua,MODIS,71,6.1NRT,283.06,40.53,D
USA,32.59497,-82.41135,330.19,2.33,1.48,2025-01-09,1904,Aqua,MODIS,87,6.1NRT,284.43,109.9,D
USA,32.59998,-82.38768,332.9,2.32,1.47,2025-01-09,1904,Aqua,MODIS,88,6.1NRT,283.3,121.13,D
USA,32.76897,-86.34344,308.94,4.19,1.9,2025-01-09,1904,Aqua,MODIS,68,6.1NRT,279.58,99.18,D
USA,32.79277,-81.64587,300.2,2.05,1.39,2025-01-09,1904,Aqua,MODIS,30,6.1NRT,281.97,17.4,D
USA,32.79696,-81.62514,301.0,2.04,1.39,2025-01-09,1904,Aqua,MODIS,44,6.1NRT,281.93,18.48,D
USA,32.79991,-81.63074,305.73,2.04,1.39,2025-01-09,1904,Aqua,MODIS,62,6.1NRT,281.89,28.12,D
USA,32.84414,-82.18461,307.33,2.22,1.44,2025-01-09,1904,Aqua,MODIS,25,6.1NRT,283.13,27.41,D
USA,32.84442,-82.17979,305.39,2.22,1.44,2025-01-09,1904,Aqua,MODIS,49,6.1NRT,282.98,24.9,D
USA,32.85526,-82.50735,300.03,2.33,1.48,2025-01-09,1904,Aqua,MODIS,21,6.1NRT,281.78,21.7,D
USA,32.85656,-82.18834,318.79,2.22,1.44,2025-01-09,1904,Aqua,MODIS,79,6.1NRT,282.77,57.75,D
USA,32.85683,-82.18356,321.75,2.22,1.44,2025-01-09,1904,Aqua,MODIS,81,6.1NRT,282.61,68.64,D
USA,32.95589,-82.91328,309.9,2.47,1.51,2025-01-09,1904,Aqua,MODIS,69,6.1NRT,281.5,47.69,D
USA,33.05259,-79.79174,308.36,1.54,1.22,2025-01-09,1904,Aqua,MODIS,67,6.1NRT,279.91,22.15,D
USA,33.05688,-79.80285,315.67,1.54,1.22,2025-01-09,1904,Aqua,MODIS,72,6.1NRT,281.29,32.52,D
USA,33.05983,-79.78699,301.68,1.54,1.22,2025-01-09,1904,Aqua,MODIS,48,6.1NRT,279.36,14.5,D
USA,33.12814,-82.36141,313.96,2.24,1.45,2025-01-09,1904,Aqua,MODIS,74,6.1NRT,281.6,49.41,D
USA,33.17746,-80.46484,304.85,1.68,1.28,2025-01-09,1904,Aqua,MODIS,60,6.1NRT,279.62,21.07,D
USA,33.24354,-81.41912,300.85,1.93,1.36,2025-01-09,1904,Aqua,MODIS,42,6.1NRT,281.05,18.32,D
USA,33.37154,-83.94624,319.62,2.82,1.6,2025-01-09,1904,Aqua,MODIS,79,6.1NRT,281.91,94.3,D
USA,33.37797,-83.91772,304.64,2.8,1.6,2025-01-09,1904,Aqua,MODIS,59,6.1NRT,280.9,42.02,D
USA,33.45475,-80.11231,361.65,1.58,1.24,2025-01-09,1904,Aqua,MODIS,100,6.1NRT,284.71,184.49,D
USA,33.45635,-80.11778,335.52,1.58,1.24,2025-01-09,1904,Aqua,MODIS,90,6.1NRT,283.59,75.34,D
USA,33.45783,-80.09603,323.65,1.58,1.24,2025-01-09,1904,Aqua,MODIS,83,6.1NRT,279.42,48.15,D
USA,33.45952,-80.10155,341.72,1.58,1.24,2025-01-09,1904,Aqua,MODIS,92,6.1NRT,280.79,94.83,D
USA,33.50003,-82.37785,312.36,2.2,1.44,2025-01-09,1904,Aqua,MODIS,72,6.1NRT,279.89,46.26,D
USA,33.61413,-82.46616,302.77,2.22,1.44,2025-01-09,1904,Aqua,MODIS,47,6.1NRT,280.22,27.2,D
USA,33.61893,-82.44337,305.1,2.21,1.44,2025-01-09,1904,Aqua,MODIS,57,6.1NRT,280.47,31.54,D
USA,33.66533,-80.60226,304.3,1.68,1.27,2025-01-09,1904,Aqua,MODIS,59,6.1NRT,280.32,19.02,D
USA,33.67695,-83.16695,302.5,2.46,1.51,2025-01-09,1904,Aqua,MODIS,52,6.1NRT,279.59,31.66,D
USA,33.6797,-80.58823,300.8,1.67,1.27,2025-01-09,1904,Aqua,MODIS,37,6.1NRT,278.48,14.63,D
USA,33.71007,-80.78632,308.7,1.72,1.29,2025-01-09,1904,Aqua,MODIS,67,6.1NRT,280.01,26.31,D
USA,33.71183,-80.78194,324.28,1.72,1.29,2025-01-09,1904,Aqua,MODIS,83,6.1NRT,280.44,55.03,D
USA,33.71362,-80.76859,331.55,1.71,1.28,2025-01-09,1904,Aqua,MODIS,87,6.1NRT,280.75,75.46,D
USA,33.71527,-80.76416,320.54,1.71,1.28,2025-01-09,1904,Aqua,MODIS,80,6.1NRT,279.89,46.37,D
USA,33.71696,-79.65034,319.32,1.46,1.2,2025-01-09,1904,Aqua,MODIS,79,6.1NRT,281.34,36.27,D
USA,33.75005,-80.46379,306.37,1.64,1.26,2025-01-09,1904,Aqua,MODIS,63,6.1NRT,279.49,22.02,D
USA,33.90951,-82.65488,318.92,2.24,1.45,2025-01-09,1904,Aqua,MODIS,79,6.1NRT,281.21,65.48,D
USA,33.91441,-82.63213,312.39,2.23,1.45,2025-01-09,1904,Aqua,MODIS,68,6.1NRT,279.7,47.06,D
USA,33.99015,-78.00834,303.95,1.19,1.08,2025-01-09,1904,Aqua,MODIS,58,6.1NRT,279.42,11.85,D
USA,34.72013,-78.03631,302.21,1.16,1.07,2025-01-09,1904,Aqua,MODIS,51,6.1NRT,277.89,10.58,D
USA,35.23787,-78.38755,302.47,1.19,1.08,2025-01-09,1904,Aqua,MODIS,52,6.1NRT,277.91,10.82,D
USA,36.79694,-78.69438,305.71,1.16,1.07,2025-01-09,1904,Aqua,MODIS,62,6.1NRT,275.39,13.99,D
USA,30.52674,-102.88521,309.23,1.39,1.17,2025-01-09,2042,Aqua,MODIS,68,6.1NRT,285.77,16.69,D
USA,30.96071,-103.45271,301.57,1.48,1.2,2025-01-09,2042,Aqua,MODIS,30,6.1NRT,284.68,6.88,D
USA,34.06522,-118.68909,331.94,1.64,1.26,2025-01-09,2222,Aqua,MODIS,88,6.1NRT,301.72,55.46,D
USA,34.06678,-118.67354,327.92,1.64,1.26,2025-01-09,2222,Aqua,MODIS,85,6.1NRT,301.81,43.63,D
USA,34.07391,-118.60258,315.16,1.66,1.27,2025-01-09,2222,Aqua,MODIS,57,6.1NRT,297.44,17.68,D
USA,34.07578,-118.58398,314.63,1.66,1.27,2025-01-09,2222,Aqua,MODIS,75,6.1NRT,299.35,18.31,D
USA,34.08516,-118.60342,370.27,1.66,1.27,2025-01-09,2222,Aqua,MODIS,100,6.1NRT,302.34,234.75,D
USA,34.08692,-118.58596,357.48,1.66,1.27,2025-01-09,2222,Aqua,MODIS,99,6.1NRT,302.46,157.01,D
USA,34.08872,-118.56805,332.9,1.67,1.27,2025-01-09,2222,Aqua,MODIS,86,6.1NRT,300.97,56.06,D
USA,34.09034,-118.55189,354.82,1.67,1.27,2025-01-09,2222,Aqua,MODIS,98,6.1NRT,306.52,140.69,D
USA,34.09221,-118.5334,357.09,1.68,1.27,2025-01-09,2222,Aqua,MODIS,99,6.1NRT,302.22,157.13,D
USA,34.094,-118.5155,322.74,1.68,1.27,2025-01-09,2222,Aqua,MODIS,80,6.1NRT,294.2,34.1,D
USA,34.09977,-118.57103,330.04,1.67,1.27,2025-01-09,2222,Aqua,MODIS,63,6.1NRT,299.97,48.45,D
USA,34.10148,-118.55412,429.34,1.67,1.27,2025-01-09,2222,Aqua,MODIS,100,6.1NRT,321.6,1003.47,D
USA,34.10334,-118.53574,472.21,1.68,1.27,2025-01-09,2222,Aqua,MODIS,100,6.1NRT,331.67,2213.75,D
USA,34.10519,-118.51751,382.59,1.68,1.27,2025-01-09,2222,Aqua,MODIS,100,6.1NRT,299.76,340.66,D
USA,34.11459,-118.53702,314.64,1.68,1.27,2025-01-09,2222,Aqua,MODIS,47,6.1NRT,296.8,19.38,D
USA,34.20387,-118.07609,339.91,1.8,1.32,2025-01-09,2222,Aqua,MODIS,92,6.1NRT,295.15,90.59,D
USA,34.21359,-118.09721,322.33,1.8,1.31,2025-01-09,2222,Aqua,MODIS,48,6.1NRT,295.87,36.06,D
USA,34.21542,-118.07812,372.73,1.8,1.32,2025-01-09,2222,Aqua,MODIS,100,6.1NRT,304.53,287.66,D
USA,34.21695,-118.06201,362.33,1.81,1.32,2025-01-09,2222,Aqua,MODIS,100,6.1NRT,297.09,210.51,D
USA,34.22323,-118.11877,394.72,1.79,1.31,2025-01-09,2222,Aqua,MODIS,100,6.1NRT,306.34,514.6,D
USA,34.22495,-118.10098,359.63,1.8,1.31,2025-01-09,2222,Aqua,MODIS,99,6.1NRT,299.18,189.54,D
USA,34.2268,-118.08173,352.41,1.8,1.32,2025-01-09,2222,Aqua,MODIS,97,6.1NRT,297.81,150.52,D
USA,34.23472,-118.12102,335.03,1.79,1.31,2025-01-09,2222,Aqua,MODIS,89,6.1NRT,293.93,76.62,D
USA,36.14079,-121.09389,304.56,1.27,1.12,2025-01-09,2222,Aqua,MODIS,59,6.1NRT,294.18,5.23,D
USA,38.49799,-121.94214,301.81,1.23,1.1,2025-01-09,2222,Aqua,MODIS,49,6.1NRT,291.31,4.99,D
USA,38.4996,-121.9283,305.49,1.24,1.1,2025-01-09,2222,Aqua,MODIS,61,6.1NRT,291.73,7.91,D
USA,39.78396,-122.27982,302.98,1.23,1.1,2025-01-09,2224,Aqua,MODIS,54,6.1NRT,289.92,7.07,D
USA,40.03683,-123.25528,308.35,1.13,1.06,2025-01-09,2224,Aqua,MODIS,67,6.1NRT,291.18,9.62,D
USA,40.03831,-123.2431,300.07,1.13,1.06,2025-01-09,2224,Aqua,MODIS,18,6.1NRT,289.14,3.84,D
USA,40.04611,-123.2574,302.99,1.13,1.06,2025-01-09,2224,Aqua,MODIS,31,6.1NRT,290.55,5.58,D
USA,40.20352,-121.23605,301.48,1.41,1.17,2025-01-09,2224,Aqua,MODIS,47,6.1NRT,278.34,13.17,D
USA,40.28818,-123.61526,301.78,1.11,1.05,2025-01-09,2224,Aqua,MODIS,49,6.1NRT,290.63,5.39,D
USA,41.01819,-123.96471,308.05,1.09,1.04,2025-01-09,2224,Aqua,MODIS,66,6.1NRT,291.28,10.16,D
USA,41.01973,-123.95247,304.42,1.1,1.04,2025-01-09,2224,Aqua,MODIS,59,6.1NRT,289.7,7.56,D
USA,41.43446,-124.0085,303.21,1.1,1.05,2025-01-09,2224,Aqua,MODIS,32,6.1NRT,286.2,6.86,D
USA,41.44364,-124.0105,308.77,1.1,1.05,2025-01-09,2224,Aqua,MODIS,68,6.1NRT,286.3,11.37,D
USA,41.44524,-123.99762,307.99,1.1,1.05,2025-01-09,2224,Aqua,MODIS,66,6.1NRT,286.23,10.87,D
USA,42.86536,-124.4185,309.43,1.1,1.05,2025-01-09,2224,Aqua,MODIS,69,6.1NRT,289.23,11.34,D
USA,46.05692,-122.42272,304.73,1.46,1.19,2025-01-09,2224,Aqua,MODIS,28,6.1NRT,281.88,13.89,D
USA,46.06026,-122.43383,314.39,1.46,1.19,2025-01-09,2224,Aqua,MODIS,75,6.1NRT,283.23,26.22,D
USA,46.66524,-123.263,304.29,1.36,1.15,2025-01-09,2224,Aqua,MODIS,59,6.1NRT,281.91,14.04,D
USA,26.017,-81.03643,300.63,1.0,1.0,2025-01-10,242,Terra,MODIS,31,6.1NRT,282.25,6.44,N
USA,32.36509,-82.62653,301.48,1.0,1.0,2025-01-10,242,Terra,MODIS,41,6.1NRT,270.88,9.92,N
USA,33.12514,-82.14232,304.34,1.01,1.0,2025-01-10,245,Terra,MODIS,60,6.1NRT,269.34,11.81,N
USA,34.08121,-118.53589,312.08,3.64,1.79,2025-01-10,421,Terra,MODIS,67,6.1NRT,286.85,80.91,N
USA,34.08959,-118.50043,307.75,3.62,1.78,2025-01-10,421,Terra,MODIS,50,6.1NRT,286.92,62.81,N
USA,34.09664,-118.54007,354.42,3.64,1.79,2025-01-10,421,Terra,MODIS,100,6.1NRT,294.03,478.65,N
USA,34.10499,-118.50455,344.86,3.62,1.78,2025-01-10,421,Terra,MODIS,100,6.1NRT,290.02,344.77,N
USA,34.10673,-118.54908,341.28,3.64,1.79,2025-01-10,421,Terra,MODIS,100,6.1NRT,291.84,307.35,N
USA,34.11201,-118.54451,334.93,3.64,1.79,2025-01-10,421,Terra,MODIS,100,6.1NRT,288.32,242.82,N
USA,34.11546,-118.51285,341.0,3.62,1.78,2025-01-10,421,Terra,MODIS,100,6.1NRT,289.4,302.25,N
USA,34.12045,-118.50843,303.29,3.62,1.78,2025-01-10,421,Terra,MODIS,15,6.1NRT,285.84,44.16,N
USA,34.22665,-118.11392,317.13,3.39,1.74,2025-01-10,421,Terra,MODIS,94,6.1NRT,282.4,105.77,N
USA,34.22945,-118.10693,320.85,3.39,1.74,2025-01-10,421,Terra,MODIS,100,6.1NRT,282.47,125.91,N
USA,34.23541,-118.07671,305.68,3.37,1.73,2025-01-10,421,Terra,MODIS,65,6.1NRT,281.97,55.26,N
USA,32.84612,-115.27899,301.74,1.06,1.03,2025-01-10,1021,Aqua,MODIS,44,6.1NRT,281.17,9.04,N
USA,32.84763,-115.29007,349.77,1.07,1.03,2025-01-10,1021,Aqua,MODIS,100,6.1NRT,286.2,72.32,N
USA,34.07475,-118.66617,313.2,1.62,1.25,2025-01-10,1021,Aqua,MODIS,87,6.1NRT,284.82,29.96,N
USA,34.0769,-118.68625,324.09,1.63,1.26,2025-01-10,1021,Aqua,MODIS,100,6.1NRT,285.36,50.5,N
USA,34.10504,-118.51865,309.0,1.59,1.24,2025-01-10,1021,Aqua,MODIS,76,6.1NRT,289.0,22.26,N
USA,34.10677,-118.5352,319.61,1.6,1.24,2025-01-10,1021,Aqua,MODIS,99,6.1NRT,287.9,38.87,N
USA,34.10846,-118.55147,326.43,1.6,1.25,2025-01-10,1021,Aqua,MODIS,100,6.1NRT,287.6,52.09,N
USA,34.11592,-118.5165,351.14,1.59,1.24,2025-01-10,1021,Aqua,MODIS,100,6.1NRT,291.37,132.04,N
USA,34.11772,-118.53364,360.48,1.6,1.24,2025-01-10,1021,Aqua,MODIS,100,6.1NRT,291.86,177.58,N
USA,34.2304,-118.07953,303.65,1.5,1.21,2025-01-10,1021,Aqua,MODIS,32,6.1NRT,281.45,14.86,N
USA,34.23211,-118.09553,303.4,1.51,1.21,2025-01-10,1021,Aqua,MODIS,42,6.1NRT,280.28,15.02,N
USA,26.59448,-80.56077,309.39,1.96,1.37,2025-01-10,1446,Terra,MODIS,65,6.1NRT,291.66,18.12,D
USA,26.59646,-80.58008,313.91,1.97,1.37,2025-01-10,1446,Terra,MODIS,74,6.1NRT,292.71,28.36,D
USA,26.60095,-80.57233,332.66,1.97,1.37,2025-01-10,1446,Terra,MODIS,88,6.1NRT,292.26,84.02,D
USA,26.60657,-80.55937,306.47,1.96,1.37,2025-01-10,1446,Terra,MODIS,14,6.1NRT,291.74,12.93,D
USA,26.60857,-80.57869,308.95,1.97,1.37,2025-01-10,1446,Terra,MODIS,44,6.1NRT,291.47,17.96,D
USA,26.64936,-80.5667,328.48,1.97,1.37,2025-01-10,1446,Terra,MODIS,86,6.1NRT,291.96,70.16,D
USA,26.65129,-80.58609,308.0,1.98,1.37,2025-01-10,1446,Terra,MODIS,66,6.1NRT,291.22,18.72,D
USA,26.68943,-80.72083,328.66,2.02,1.39,2025-01-10,1446,Terra,MODIS,65,6.1NRT,290.0,75.03,D
USA,26.6932,-80.71468,325.0,2.02,1.39,2025-01-10,1446,Terra,MODIS,0,6.1NRT,290.16,62.9,D
USA,26.72739,-80.43549,345.77,1.93,1.36,2025-01-10,1446,Terra,MODIS,94,6.1NRT,291.62,137.91,D
USA,27.00298,-80.46059,321.44,1.96,1.37,2025-01-10,1446,Terra,MODIS,76,6.1NRT,289.89,49.79,D
USA,27.32226,-81.35574,305.41,2.29,1.47,2025-01-10,1446,Terra,MODIS,0,6.1NRT,287.85,22.85,D
USA,41.8872,-95.92283,304.1,1.02,1.01,2025-01-10,1622,Terra,MODIS,55,6.1NRT,268.09,11.42,D
USA,29.18644,-99.46188,303.19,1.03,1.01,2025-01-10,1624,Terra,MODIS,55,6.1NRT,278.5,9.3,D
USA,29.19678,-99.4641,304.91,1.03,1.01,2025-01-10,1624,Terra,MODIS,60,6.1NRT,276.73,9.67,D
USA,32.15386,-101.92455,311.1,1.41,1.18,2025-01-10,1624,Terra,MODIS,71,6.1NRT,276.2,20.2,D
USA,32.1576,-101.93014,304.81,1.41,1.18,2025-01-10,1624,Terra,MODIS,21,6.1NRT,275.71,12.66,D
USA,33.97309,-99.84115,310.28,1.16,1.07,2025-01-10,1624,Terra,MODIS,70,6.1NRT,272.72,18.38,D
USA,33.97457,-99.85341,302.67,1.16,1.07,2025-01-10,1624,Terra,MODIS,53,6.1NRT,272.79,12.43,D
USA,39.56029,-121.32706,307.38,1.03,1.01,2025-01-10,1800,Terra,MODIS,65,6.1NRT,284.06,10.22,D
USA,40.06006,-120.84966,303.9,1.01,1.01,2025-01-10,1800,Terra,MODIS,57,6.1NRT,273.19,10.62,D
USA,42.36079,-122.61549,311.47,1.18,1.08,2025-01-10,1800,Terra,MODIS,71,6.1NRT,277.53,17.83,D
USA,32.57293,-114.59908,301.32,2.2,1.44,2025-01-10,1802,Terra,MODIS,21,6.1NRT,289.56,9.89,D
USA,33.34103,-117.23796,313.87,1.44,1.19,2025-01-10,1802,Terra,MODIS,74,6.1NRT,291.27,19.01,D
USA,34.0702,-118.67622,349.08,1.18,1.08,2025-01-10,1802,Terra,MODIS,96,6.1NRT,292.74,74.6,D
USA,34.07219,-118.6879,336.96,1.18,1.08,2025-01-10,1802,Terra,MODIS,90,6.1NRT,291.29,47.4,D
USA,34.07624,-118.59675,309.3,1.19,1.08,2025-01-10,1802,Terra,MODIS,47,6.1NRT,292.06,8.66,D
USA,34.07962,-118.67404,396.1,1.18,1.08,2025-01-10,1802,Terra,MODIS,100,6.1NRT,299.91,292.36,D
USA,34.08152,-118.6852,370.17,1.18,1.08,2025-01-10,1802,Terra,MODIS,100,6.1NRT,294.42,147.31,D
USA,34.08569,-118.59448,309.9,1.19,1.08,2025-01-10,1802,Terra,MODIS,47,6.1NRT,292.47,10.12,D
USA,34.10353,-118.52563,312.73,1.2,1.09,2025-01-10,1802,Terra,MODIS,66,6.1NRT,294.45,12.36,D
USA,34.10572,-118.53864,351.55,1.2,1.09,2025-01-10,1802,Terra,MODIS,97,6.1NRT,296.68,82.58,D
USA,34.10786,-118.55127,370.21,1.19,1.09,2025-01-10,1802,Terra,MODIS,100,6.1NRT,300.66,149.02,D
USA,34.10997,-118.56377,351.39,1.19,1.09,2025-01-10,1802,Terra,MODIS,96,6.1NRT,294.69,83.03,D
USA,34.11304,-118.52359,383.13,1.2,1.09,2025-01-10,1802,Terra,MODIS,100,6.1NRT,301.96,214.91,D
USA,34.11514,-118.53599,401.24,1.2,1.09,2025-01-10,1802,Terra,MODIS,100,6.1NRT,305.42,336.28,D
USA,34.71759,-118.30727,300.45,1.2,1.09,2025-01-10,1802,Terra,MODIS,37,6.1NRT,287.55,4.47,D
USA,26.01696,-81.05675,331.89,1.06,1.03,2025-01-10,1942,Aqua,MODIS,67,6.1NRT,296.12,28.02,D
USA,26.026,-81.05826,323.96,1.06,1.03,2025-01-10,1942,Aqua,MODIS,57,6.1NRT,294.77,18.66,D
USA,26.31482,-81.16685,305.57,1.06,1.03,2025-01-10,1942,Aqua,MODIS,55,6.1NRT,294.89,4.85,D
USA,26.44889,-81.26508,323.01,1.05,1.03,2025-01-10,1942,Aqua,MODIS,80,6.1NRT,294.27,19.6,D
USA,26.45028,-81.25478,333.04,1.06,1.03,2025-01-10,1942,Aqua,MODIS,87,6.1NRT,295.2,32.98,D
USA,26.5004,-80.8782,347.38,1.09,1.04,2025-01-10,1942,Aqua,MODIS,95,6.1NRT,299.14,58.39,D
USA,26.5018,-80.86758,318.61,1.09,1.04,2025-01-10,1942,Aqua,MODIS,59,6.1NRT,295.47,12.7,D
USA,26.50814,-80.89034,354.87,1.09,1.04,2025-01-10,1942,Aqua,MODIS,98,6.1NRT,299.99,75.33,D
USA,26.50954,-80.87971,423.76,1.09,1.04,2025-01-10,1942,Aqua,MODIS,100,6.1NRT,307.76,477.04,D
USA,26.51094,-80.86909,316.54,1.09,1.04,2025-01-10,1942,Aqua,MODIS,39,6.1NRT,295.9,10.44,D
USA,26.62465,-81.32817,308.27,1.05,1.02,2025-01-10,1942,Aqua,MODIS,41,6.1NRT,294.16,5.68,D
USA,26.63227,-81.34,309.79,1.05,1.02,2025-01-10,1942,Aqua,MODIS,55,6.1NRT,294.23,6.7,D
USA,26.63366,-81.3297,309.58,1.05,1.02,2025-01-10,1942,Aqua,MODIS,58,6.1NRT,294.17,6.43,D
USA,27.32081,-81.36275,306.99,1.06,1.03,2025-01-10,1942,Aqua,MODIS,0,6.1NRT,291.11,5.55,D
USA,27.49479,-81.23209,320.3,1.08,1.04,2025-01-10,1942,Aqua,MODIS,79,6.1NRT,294.62,17.07,D
USA,27.49621,-81.22146,318.95,1.08,1.04,2025-01-10,1942,Aqua,MODIS,78,6.1NRT,295.44,16.14,D
USA,27.53176,-80.65996,306.18,1.13,1.06,2025-01-10,1942,Aqua,MODIS,49,6.1NRT,294.42,5.62,D
USA,27.62958,-80.97484,309.95,1.1,1.05,2025-01-10,1942,Aqua,MODIS,67,6.1NRT,294.17,9.0,D
USA,28.88581,-80.99867,326.55,1.13,1.06,2025-01-10,1942,Aqua,MODIS,84,6.1NRT,290.5,28.49,D
USA,28.88726,-80.98735,310.54,1.13,1.06,2025-01-10,1942,Aqua,MODIS,70,6.1NRT,287.85,10.81,D
USA,29.03052,-82.27315,304.11,1.03,1.01,2025-01-10,1942,Aqua,MODIS,58,6.1NRT,291.98,4.76,D
USA,29.11691,-81.20576,328.7,1.12,1.05,2025-01-10,1942,Aqua,MODIS,86,6.1NRT,292.11,31.17,D
USA,29.11834,-81.1946,330.4,1.12,1.05,2025-01-10,1942,Aqua,MODIS,87,6.1NRT,291.3,33.81,D
USA,29.19315,-81.53969,311.68,1.09,1.04,2025-01-10,1942,Aqua,MODIS,0,6.1NRT,290.22,12.41,D
USA,29.19458,-81.52882,306.67,1.09,1.04,2025-01-10,1942,Aqua,MODIS,56,6.1NRT,289.82,8.37,D
USA,29.30223,-82.51543,305.01,1.02,1.01,2025-01-10,1942,Aqua,MODIS,57,6.1NRT,291.58,4.67,D
USA,29.38958,-82.27757,301.81,1.04,1.02,2025-01-10,1942,Aqua,MODIS,49,6.1NRT,290.68,3.31,D
USA,29.44366,-81.66866,312.28,1.08,1.04,2025-01-10,1942,Aqua,MODIS,0,6.1NRT,288.55,12.51,D
USA,29.44508,-81.65782,328.5,1.08,1.04,2025-01-10,1942,Aqua,MODIS,65,6.1NRT,290.54,29.51,D
USA,29.51949,-81.99489,311.5,1.06,1.03,2025-01-10,1942,Aqua,MODIS,71,6.1NRT,289.58,10.48,D
USA,29.52092,-81.98428,319.01,1.06,1.03,2025-01-10,1942,Aqua,MODIS,75,6.1NRT,290.49,17.44,D
USA,29.70586,-81.2852,319.91,1.12,1.06,2025-01-10,1942,Aqua,MODIS,80,6.1NRT,288.41,21.45,D
USA,29.70732,-81.27391,302.89,1.12,1.06,2025-01-10,1942,Aqua,MODIS,54,6.1NRT,287.47,6.37,D
USA,31.68689,-99.09753,309.32,3.25,1.7,2025-01-10,2122,Aqua,MODIS,68,6.1NRT,279.54,65.47,D
USA,31.68711,-99.08949,306.95,3.25,1.7,2025-01-10,2122,Aqua,MODIS,64,6.1NRT,279.44,56.75,D
USA,32.94358,-115.66595,322.12,1.88,1.34,2025-01-10,2122,Aqua,MODIS,80,6.1NRT,295.36,38.3,D
USA,32.9474,-115.64691,385.42,1.87,1.34,2025-01-10,2122,Aqua,MODIS,100,6.1NRT,301.79,433.95,D
USA,32.95893,-115.65029,376.8,1.87,1.34,2025-01-10,2122,Aqua,MODIS,100,6.1NRT,296.16,342.79,D
USA,33.07964,-115.39485,314.39,1.79,1.31,2025-01-10,2122,Aqua,MODIS,72,6.1NRT,295.69,25.22,D
USA,33.09095,-115.3981,328.95,1.79,1.31,2025-01-10,2122,Aqua,MODIS,85,6.1NRT,297.09,58.71,D
USA,33.41336,-110.86355,310.98,1.05,1.02,2025-01-10,2122,Aqua,MODIS,71,6.1NRT,291.67,10.35,D
USA,34.09848,-118.55759,351.05,2.73,1.58,2025-01-10,2125,Aqua,MODIS,96,6.1NRT,298.46,265.34,D
USA,34.10458,-118.53053,374.49,2.71,1.58,2025-01-10,2125,Aqua,MODIS,100,6.1NRT,300.95,554.09,D
USA,34.11069,-118.50331,307.04,2.7,1.57,2025-01-10,2125,Aqua,MODIS,30,6.1NRT,292.81,23.61,D
USA,34.11195,-118.56229,314.81,2.73,1.58,2025-01-10,2125,Aqua,MODIS,49,6.1NRT,293.18,45.55,D
USA,34.11806,-118.53498,339.47,2.71,1.58,2025-01-10,2125,Aqua,MODIS,91,6.1NRT,293.86,171.9,D
USA,34.22372,-118.10089,303.69,2.53,1.53,2025-01-10,2125,Aqua,MODIS,40,6.1NRT,286.98,22.75,D
USA,39.68805,-122.30856,307.94,3.26,1.71,2025-01-10,2125,Aqua,MODIS,66,6.1NRT,284.67,51.81,D
USA,39.68974,-122.30507,306.33,3.26,1.71,2025-01-10,2125,Aqua,MODIS,63,6.1NRT,283.92,46.03,D
USA,34.09873,-118.51461,357.69,1.02,1.01,2025-01-11,501,Terra,MODIS,100,6.1NRT,288.73,83.89,N
USA,34.10029,-118.50399,342.61,1.02,1.01,2025-01-11,501,Terra,MODIS,100,6.1NRT,286.9,50.79,N
USA,34.10753,-118.51647,410.54,1.02,1.01,2025-01-11,501,Terra,MODIS,100,6.1NRT,310.04,331.19,N
USA,34.10909,-118.50585,406.56,1.02,1.01,2025-01-11,501,Terra,MODIS,100,6.1NRT,308.38,303.03,N
USA,34.11238,-118.55628,312.22,1.02,1.01,2025-01-11,501,Terra,MODIS,84,6.1NRT,287.27,13.85,N
USA,34.11395,-118.54569,370.88,1.02,1.01,2025-01-11,501,Terra,MODIS,100,6.1NRT,301.85,124.58,N
USA,34.11553,-118.53504,358.06,1.02,1.01,2025-01-11,501,Terra,MODIS,100,6.1NRT,301.48,85.36,N
USA,34.11712,-118.52431,387.08,1.02,1.01,2025-01-11,501,Terra,MODIS,100,6.1NRT,311.2,191.17,N
USA,34.1187,-118.51362,408.48,1.02,1.01,2025-01-11,501,Terra,MODIS,100,6.1NRT,320.75,317.15,N
USA,34.12027,-118.503,337.99,1.02,1.01,2025-01-11,501,Terra,MODIS,100,6.1NRT,288.18,43.64,N
USA,34.12276,-118.54759,324.78,1.02,1.01,2025-01-11,501,Terra,MODIS,100,6.1NRT,284.58,25.91,N
USA,34.12434,-118.53688,378.06,1.02,1.01,2025-01-11,501,Terra,MODIS,100,6.1NRT,292.14,151.65,N
USA,34.12593,-118.52616,388.06,1.02,1.01,2025-01-11,501,Terra,MODIS,100,6.1NRT,293.2,196.15,N
USA,34.1275,-118.5155,379.25,1.02,1.01,2025-01-11,501,Terra,MODIS,100,6.1NRT,291.63,156.41,N
USA,40.35735,-121.07689,303.98,1.05,1.02,2025-01-11,503,Terra,MODIS,58,6.1NRT,269.31,12.58,N
USA,41.19128,-123.85017,304.28,1.28,1.12,2025-01-11,503,Terra,MODIS,59,6.1NRT,277.79,15.14,N
USA,34.10205,-118.50181,377.17,1.41,1.18,2025-01-11,1102,Aqua,MODIS,100,6.1NRT,289.75,239.8,N
USA,34.10479,-118.51668,382.12,1.41,1.17,2025-01-11,1102,Aqua,MODIS,100,6.1NRT,287.1,271.89,N
USA,34.1092,-118.49439,321.44,1.41,1.18,2025-01-11,1102,Aqua,MODIS,100,6.1NRT,284.89,34.65,N
USA,34.11203,-118.50932,402.29,1.41,1.17,2025-01-11,1102,Aqua,MODIS,100,6.1NRT,297.95,442.78,N
USA,34.11225,-118.49926,327.27,1.41,1.18,2025-01-11,1102,Aqua,MODIS,100,6.1NRT,289.27,45.51,N
USA,34.11481,-118.52392,346.22,1.4,1.17,2025-01-11,1102,Aqua,MODIS,100,6.1NRT,286.59,89.81,N
USA,34.11501,-118.51429,360.17,1.41,1.17,2025-01-11,1102,Aqua,MODIS,100,6.1NRT,292.85,145.47,N
USA,34.11754,-118.53828,377.73,1.4,1.17,2025-01-11,1102,Aqua,MODIS,100,6.1NRT,293.03,239.11,N
USA,34.11767,-118.52873,344.14,1.4,1.17,2025-01-11,1102,Aqua,MODIS,100,6.1NRT,292.39,84.78,N
USA,34.12034,-118.54329,364.81,1.4,1.17,2025-01-11,1102,Aqua,MODIS,100,6.1NRT,292.06,167.11,N
USA,34.12036,-118.55314,317.51,1.4,1.17,2025-01-11,1102,Aqua,MODIS,92,6.1NRT,282.57,29.21,N
USA,34.12221,-118.50668,327.9,1.41,1.17,2025-01-11,1102,Aqua,MODIS,100,6.1NRT,288.47,47.11,N
USA,34.12503,-118.52159,423.99,1.4,1.17,2025-01-11,1102,Aqua,MODIS,100,6.1NRT,301.29,709.37,N
USA,34.12776,-118.53601,451.85,1.4,1.17,2025-01-11,1102,Aqua,MODIS,100,6.1NRT,309.59,1211.81,N
USA,34.13044,-118.55019,302.49,1.4,1.17,2025-01-11,1102,Aqua,MODIS,49,6.1NRT,281.59,13.5,N
USA,34.13232,-118.50371,302.01,1.41,1.17,2025-01-11,1102,Aqua,MODIS,46,6.1NRT,282.05,12.62,N
USA,34.13506,-118.51824,358.0,1.4,1.17,2025-01-11,1102,Aqua,MODIS,100,6.1NRT,285.36,137.56,N
USA,34.13778,-118.53264,354.18,1.4,1.17,2025-01-11,1102,Aqua,MODIS,100,6.1NRT,283.86,121.85,N
USA,19.41471,-155.26962,307.52,1.39,1.17,2025-01-11,1244,Aqua,MODIS,72,6.1NRT,290.56,18.51,N
USA,31.34191,-109.26397,324.78,1.05,1.02,2025-01-11,1704,Terra,MODIS,83,6.1NRT,283.23,25.88,D
USA,31.34333,-109.27464,301.75,1.05,1.02,2025-01-11,1704,Terra,MODIS,49,6.1NRT,284.18,6.09,D
USA,31.35023,-109.25594,311.61,1.05,1.02,2025-01-11,1704,Terra,MODIS,63,6.1NRT,282.05,11.33,D
USA,31.35163,-109.26665,357.03,1.05,1.02,2025-01-11,1704,Terra,MODIS,98,6.1NRT,285.73,84.25,D
USA,34.07986,-118.54805,311.42,4.11,1.88,2025-01-11,1704,Terra,MODIS,37,6.1NRT,287.53,65.49,D
USA,34.08558,-118.54241,342.61,4.11,1.88,2025-01-11,1704,Terra,MODIS,93,6.1NRT,289.55,361.89,D
USA,34.0943,-118.5047,410.03,4.08,1.87,2025-01-11,1704,Terra,MODIS,100,6.1NRT,299.7,2423.56,D
USA,34.09645,-118.54581,327.68,4.11,1.88,2025-01-11,1704,Terra,MODIS,84,6.1NRT,290.47,184.11,D
USA,34.10019,-118.49778,410.13,4.08,1.87,2025-01-11,1704,Terra,MODIS,100,6.1NRT,299.74,2440.25,D
USA,34.10215,-118.53922,367.8,4.11,1.88,2025-01-11,1704,Terra,MODIS,100,6.1NRT,292.59,837.45,D
USA,34.11087,-118.50274,374.92,4.08,1.87,2025-01-11,1704,Terra,MODIS,100,6.1NRT,296.78,1018.28,D
USA,34.11676,-118.49578,359.5,4.08,1.87,2025-01-11,1704,Terra,MODIS,99,6.1NRT,293.29,649.69,D
USA,34.11884,-118.53877,361.78,4.11,1.88,2025-01-11,1704,Terra,MODIS,100,6.1NRT,293.84,702.97,D
USA,34.12744,-118.50087,362.77,4.08,1.87,2025-01-11,1704,Terra,MODIS,100,6.1NRT,293.86,711.13,D
USA,34.12981,-118.54414,354.92,4.11,1.88,2025-01-11,1704,Terra,MODIS,98,6.1NRT,293.0,558.69,D
USA,34.13343,-118.49568,332.74,4.08,1.87,2025-01-11,1704,Terra,MODIS,77,6.1NRT,289.39,250.82,D
USA,34.13553,-118.53838,341.77,4.11,1.88,2025-01-11,1704,Terra,MODIS,80,6.1NRT,290.94,360.89,D
USA,26.4751,-97.74683,309.46,1.6,1.25,2025-01-11,2023,Aqua,MODIS,69,6.1NRT,290.42,14.61,D
USA,26.47789,-97.73135,304.44,1.6,1.25,2025-01-11,2023,Aqua,MODIS,59,6.1NRT,290.92,8.08,D
USA,26.47992,-97.73857,311.46,1.6,1.25,2025-01-11,2023,Aqua,MODIS,71,6.1NRT,291.12,16.42,D
USA,28.05574,-97.44893,302.04,1.43,1.18,2025-01-11,2023,Aqua,MODIS,50,6.1NRT,290.02,7.56,D
USA,28.05827,-97.43494,303.92,1.43,1.18,2025-01-11,2023,Aqua,MODIS,57,6.1NRT,289.24,9.51,D
USA,28.36489,-98.54179,301.59,1.66,1.27,2025-01-11,2023,Aqua,MODIS,48,6.1NRT,290.83,7.91,D
USA,29.69416,-96.65279,302.48,1.21,1.1,2025-01-11,2023,Aqua,MODIS,52,6.1NRT,287.88,7.36,D
USA,29.85466,-96.48307,300.72,1.19,1.08,2025-01-11,2023,Aqua,MODIS,41,6.1NRT,286.65,6.8,D
USA,29.85784,-95.26649,301.0,1.06,1.03,2025-01-11,2023,Aqua,MODIS,41,6.1NRT,287.47,5.0,D
USA,29.95145,-93.87881,314.99,1.0,1.0,2025-01-11,2023,Aqua,MODIS,0,6.1NRT,286.62,13.56,D
USA,29.96021,-93.88055,307.14,1.0,1.0,2025-01-11,2023,Aqua,MODIS,21,6.1NRT,285.92,7.58,D
USA,30.77343,-97.57253,300.35,1.3,1.13,2025-01-11,2023,Aqua,MODIS,35,6.1NRT,287.68,6.31,D
USA,31.08953,-98.41315,302.56,1.44,1.19,2025-01-11,2023,Aqua,MODIS,53,6.1NRT,287.38,10.3,D
USA,31.21822,-98.15424,310.55,1.38,1.16,2025-01-11,2023,Aqua,MODIS,70,6.1NRT,286.1,17.99,D
USA,31.22074,-98.14024,301.08,1.38,1.16,2025-01-11,2023,Aqua,MODIS,44,6.1NRT,285.76,8.27,D
USA,31.2916,-98.32577,300.44,1.41,1.17,2025-01-11,2023,Aqua,MODIS,37,6.1NRT,286.24,8.43,D
USA,31.36362,-97.69011,308.14,1.29,1.13,2025-01-11,2023,Aqua,MODIS,58,6.1NRT,288.17,12.07,D
USA,31.36594,-97.67707,316.29,1.29,1.13,2025-01-11,2023,Aqua,MODIS,77,6.1NRT,287.96,20.95,D
USA,31.37112,-97.70557,313.09,1.29,1.13,2025-01-11,2023,Aqua,MODIS,62,6.1NRT,287.24,16.53,D
USA,31.37342,-97.69252,338.95,1.29,1.13,2025-01-11,2023,Aqua,MODIS,91,6.1NRT,288.64,60.2,D
USA,31.55879,-97.46775,303.08,1.25,1.11,2025-01-11,2025,Aqua,MODIS,55,6.1NRT,286.3,8.31,D
USA,32.2339,-97.84901,304.42,1.28,1.12,2025-01-11,2025,Aqua,MODIS,59,6.1NRT,287.14,9.94,D
USA,32.72601,-94.25116,305.21,1.0,1.0,2025-01-11,2025,Aqua,MODIS,61,6.1NRT,283.67,8.9,D
USA,33.12944,-98.34917,304.3,1.31,1.13,2025-01-11,2025,Aqua,MODIS,59,6.1NRT,284.55,11.54,D
USA,33.13185,-98.33572,305.22,1.31,1.13,2025-01-11,2025,Aqua,MODIS,61,6.1NRT,283.71,12.45,D
USA,33.2149,-94.70077,303.52,1.0,1.0,2025-01-11,2025,Aqua,MODIS,56,6.1NRT,284.13,7.12,D
USA,33.22365,-94.70263,304.75,1.0,1.0,2025-01-11,2025,Aqua,MODIS,60,6.1NRT,283.64,8.04,D
USA,34.13267,-97.71342,306.14,1.17,1.08,2025-01-11,2025,Aqua,MODIS,48,6.1NRT,276.24,13.93,D
USA,34.35613,-98.08752,301.46,1.21,1.09,2025-01-11,2025,Aqua,MODIS,47,6.1NRT,282.88,8.88,D
USA,34.49306,-97.23426,330.75,1.11,1.05,2025-01-11,2025,Aqua,MODIS,87,6.1NRT,278.87,39.81,D
USA,34.49501,-97.22264,347.81,1.11,1.05,2025-01-11,2025,Aqua,MODIS,95,6.1NRT,278.24,72.31,D
USA,34.61781,-99.71892,303.1,1.46,1.19,2025-01-11,2025,Aqua,MODIS,55,6.1NRT,286.3,10.3,D
USA,34.66963,-99.55878,307.67,1.43,1.18,2025-01-11,2025,Aqua,MODIS,66,6.1NRT,287.51,14.37,D
USA,35.90022,-97.04531,312.82,1.06,1.03,2025-01-11,2025,Aqua,MODIS,73,6.1NRT,279.12,16.42,D
USA,36.53885,-98.6768,304.03,1.2,1.09,2025-01-11,2025,Aqua,MODIS,58,6.1NRT,276.51,12.98,D
USA,37.63909,-95.68823,300.11,1.0,1.0,2025-01-11,2025,Aqua,MODIS,28,6.1NRT,276.19,7.39,D
USA,37.64069,-95.67724,302.12,1.0,1.0,2025-01-11,2025,Aqua,MODIS,48,6.1NRT,274.87,8.42,D
USA,31.33784,-109.26526,305.78,3.08,1.67,2025-01-11,2201,Aqua,MODIS,57,6.1NRT,291.9,23.32,D
USA,34.06297,-117.28054,313.43,1.09,1.04,2025-01-11,2201,Aqua,MODIS,72,6.1NRT,295.76,10.0,D
USA,34.06443,-117.26909,311.15,1.09,1.04,2025-01-11,2201,Aqua,MODIS,69,6.1NRT,295.29,8.06,D
USA,34.08435,-118.50739,342.14,1.02,1.01,2025-01-11,2201,Aqua,MODIS,54,6.1NRT,299.11,39.68,D
USA,34.09315,-118.50929,376.21,1.02,1.01,2025-01-11,2201,Aqua,MODIS,100,6.1NRT,306.56,135.47,D
USA,34.10196,-118.51118,340.34,1.02,1.01,2025-01-11,2201,Aqua,MODIS,62,6.1NRT,303.98,35.85,D
USA,34.10334,-118.56647,325.68,1.01,1.01,2025-01-11,2201,Aqua,MODIS,81,6.1NRT,294.75,19.09,D
USA,34.10345,-118.5004,357.3,1.02,1.01,2025-01-11,2201,Aqua,MODIS,91,6.1NRT,297.49,72.87,D
USA,34.10482,-118.55587,410.55,1.01,1.01,2025-01-11,2201,Aqua,MODIS,100,6.1NRT,304.6,322.63,D
USA,34.11077,-118.51301,375.66,1.02,1.01,2025-01-11,2201,Aqua,MODIS,100,6.1NRT,311.43,130.11,D
USA,34.11216,-118.56826,326.66,1.01,1.01,2025-01-11,2201,Aqua,MODIS,84,6.1NRT,298.28,20.73,D
USA,34.11226,-118.50226,392.9,1.02,1.01,2025-01-11,2201,Aqua,MODIS,100,6.1NRT,304.45,210.46,D
USA,34.11364,-118.55761,467.05,1.01,1.01,2025-01-11,2201,Aqua,MODIS,100,6.1NRT,400.07,971.06,D
USA,34.11514,-118.54686,393.04,1.01,1.01,2025-01-11,2201,Aqua,MODIS,100,6.1NRT,321.71,210.44,D
USA,34.11959,-118.51483,343.46,1.02,1.01,2025-01-11,2201,Aqua,MODIS,93,6.1NRT,307.16,44.74,D
USA,34.12108,-118.50409,321.29,1.02,1.01,2025-01-11,2201,Aqua,MODIS,48,6.1NRT,296.91,14.6,D
USA,34.12246,-118.55933,370.11,1.01,1.01,2025-01-11,2201,Aqua,MODIS,100,6.1NRT,304.29,113.84,D
USA,34.12395,-118.54866,357.66,1.01,1.01,2025-01-11,2201,Aqua,MODIS,99,6.1NRT,304.44,75.45,D
USA,36.42592,-120.95995,310.51,1.02,1.01,2025-01-11,2201,Aqua,MODIS,70,6.1NRT,290.23,10.35,D
USA,36.42762,-120.9489,303.87,1.01,1.01,2025-01-11,2201,Aqua,MODIS,57,6.1NRT,289.37,5.77,D
USA,40.05262,-123.26704,313.6,1.07,1.03,2025-01-11,2203,Aqua,MODIS,74,6.1NRT,282.79,15.7,D
USA,46.07975,-118.79717,339.19,1.28,1.12,2025-01-11,2205,Aqua,MODIS,91,6.1NRT,283.22,64.56,D
USA,46.08149,-118.78129,309.18,1.28,1.12,2025-01-11,2205,Aqua,MODIS,68,6.1NRT,281.6,16.84,D
USA,31.55175,-82.62582,301.23,1.54,1.22,2025-01-12,223,Terra,MODIS,39,6.1NRT,271.75,18.13,N
USA,33.0103,-79.88319,300.98,1.07,1.03,2025-01-12,223,Terra,MODIS,36,6.1NRT,275.39,9.58,N
